2,0.00012050000003682726,1.0799999984101305e-05,1.460000004271933e-05,1.989999998386338e-05,1.809999997703926e-05
2,0.0001790000000028158,1.5200000007098424e-05,1.889999998638814e-05,2.6000000048043148e-05,2.0500000005085894e-05
2,0.00017930000001342705,1.539999999522479e-05,1.5499999960866262e-05,3.090000001293447e-05,1.7800000023271423e-05
2,0.0012897999999950116,1.550000001770968e-05,7.439999995995095e-05,2.960000000484797e-05,2.1500000002561137e-05
2,0.0012671000000068489,1.539999999522479e-05,1.5300000029583316e-05,3.1100000001060835e-05,1.9800000018221908e-05
3,0.0012307000000078006,1.5700000005836046e-05,1.670000000331129e-05,3.480000003719397e-05,2.1699999990687502e-05
3,0.0009873000000197862,1.589999999396241e-05,1.759999997830164e-05,3.530000003593159e-05,2.3999999996249244e-05
3,0.0013081000000170206,1.550000001770968e-05,0.0003062000000113585,3.4300000038456346e-05,2.3099999964415474e-05
3,0.0011395000000220534,1.6600000037669815e-05,1.7000000013922545e-05,3.4700000014709076e-05,2.419999998437561e-05
3,0.0012533000000303218,1.680000002579618e-05,1.7399999990175274e-05,3.56999999553409e-05,2.0499999948242476e-05
4,0.0011944000000312371,1.680000002579618e-05,1.9199999996999395e-05,4.250000000638465e-05,2.340000003187015e-05
4,0.0011800000000334876,1.7299999967690383e-05,1.8599999975776882e-05,4.059999997707564e-05,2.3600000019996514e-05
4,0.0012158000000113134,1.8400000044493936e-05,2.3199999986900366e-05,4.210000003013192e-05,2.12000000487933e-05
4,0.0017864000000145097,1.2200000014672696e-05,1.9100000031357922e-05,4.110000003265668e-05,2.069999999321226e-05
4,0.0011041000000204804,1.759999997830164e-05,2.0600000027570786e-05,4.0299999966464384e-05,2.2599999965677853e-05
5,0.0011181000000419772,1.8699999998261774e-05,2.069999999321226e-05,4.9699999976837717e-05,2.519999998185085e-05
5,0.0011529999999879692,2.080000001569715e-05,2.160000002504603e-05,3.870000000461005e-05,2.419999998437561e-05
5,0.0012255999999979394,1.770000000078653e-05,0.0007063999999559201,4.619999998567437e-05,2.510000001620938e-05
5,0.001240599999960068,1.809999997703926e-05,2.210000002378365e-05,5.0600000008671486e-05,2.519999998185085e-05
5,0.0012691000000017993,1.9600000030095543e-05,2.1100000026308408e-05,4.910000001245862e-05,2.5600000014947e-05
6,0.001166300000022602,2.080000001569715e-05,2.3499999997511622e-05,5.509999999731008e-05,2.4599999960628338e-05
6,0.001220299999999952,1.950000000761065e-05,2.2699999988162745e-05,4.949999998871135e-05,2.1500000002561137e-05
6,0.0012044000000059896,2.8499999984887836e-05,2.3499999997511622e-05,5.509999999731008e-05,2.469999998311323e-05
6,0.0011602000000152657,1.8800000020746666e-05,2.0600000027570786e-05,6.079999997155028e-05,2.729999999928623e-05
6,0.0001854000000207634,1.759999997830164e-05,2.2700000045006163e-05,6.050000001778244e-05,1.939999998512576e-05
7,0.0002000000000066393,2.119999999194988e-05,2.3300000009385258e-05,6.879999995135222e-05,2.7899999963665323e-05
7,0.00019070000001875087,1.8399999987650517e-05,2.260000002252127e-05,6.38999999864609e-05,2.5899999968714837e-05
7,0.0006109000000265041,2.0199999994474638e-05,2.3600000019996514e-05,6.33000000220818e-05,2.7499999987412593e-05
7,0.00021270000002004963,1.3200000012147939e-05,2.5300000004335743e-05,6.189999999151041e-05,2.6699999978063715e-05
7,0.0009238000000095781,1.9699999995737016e-05,1.679999996895276e-05,3.95999999796004e-05,1.9599999973252125e-05
8,0.0008636000000024069,2.0099999971989746e-05,2.6800000000548607e-05,7.520000002614324e-05,3.429999998161293e-05
8,0.0008126999999831241,2.1699999990687502e-05,1.6099999982088775e-05,0.00010280000003604073,2.99999999811007e-05
8,0.0007087999999839667,2.1399999980076245e-05,2.5399999969977216e-05,6.139999999277279e-05,2.8499999984887836e-05
8,0.0012810999999715023,1.8800000020746666e-05,2.1500000002561137e-05,4.4300000013208773e-05,3.309999999601132e-05
8,0.0010399000000234082,1.8199999999524152e-05,2.4599999960628338e-05,6.690000003573005e-05,2.729999999928623e-05
9,0.0008392999999955464,1.2599999990925426e-05,1.5099999984613532e-05,4.3500000003859896e-05,1.6900000048281072e-05
9,0.0011160999999901833,2.729999999928623e-05,2.339999997502673e-05,8.210000004282847e-05,2.9799999992974335e-05
9,0.0008533999999826847,1.8399999987650517e-05,2.419999998437561e-05,7.279999999809661e-05,2.6300000001810986e-05
9,0.0009832999999730418,2.0500000005085894e-05,2.6199999979326094e-05,6.949999999505962e-05,2.5699999980588473e-05
9,0.0008629000000155429,2.1699999990687502e-05,2.5400000026820635e-05,7.870000001730659e-05,2.7600000009897485e-05
10,0.0008991000000264648,1.989999998386338e-05,2.7099999954316445e-05,8.940000003576642e-05,4.820000003746827e-05
10,0.000885799999991832,1.7899999988912896e-05,2.6200000036169513e-05,8.589999998775966e-05,5.260000000362197e-05
10,0.0008880000000317523,1.9300000019484287e-05,2.6300000001810986e-05,9.339999996882398e-05,4.6499999996285624e-05
10,0.0006946000000311869,1.3299999977789412e-05,1.6399999992700032e-05,8.230000003095483e-05,3.180000004476824e-05
10,0.0009577999999805797,2.030000001695953e-05,2.519999998185085e-05,7.949999996981205e-05,4.8600000013721e-05
11,0.0011228999999843836,1.889999998638814e-05,2.779999999802385e-05,8.709999997336126e-05,6.059999998342391e-05
11,0.0010583000000110587,1.4700000008360803e-05,2.8799999995499093e-05,0.00010620000000471919,6.750000000010914e-05
11,0.0008768999999801963,2.3199999986900366e-05,3.0699999967964686e-05,0.00010160000005043912,6.78000000107204e-05
11,0.001027799999974377,1.460000004271933e-05,2.9399999959878187e-05,0.00010689999999158317,7.159999995565158e-05
11,0.0011686999999938052,2.3499999997511622e-05,3.2400000009147334e-05,0.00011219999998957064,6.360000003269306e-05
12,0.0010154000000284213,1.370000001088556e-05,1.86000000326203e-05,5.870000001095832e-05,4.680000000689688e-05
12,0.0008365999999568885,2.0600000027570786e-05,2.6400000024295878e-05,0.00011519999998199637,7.659999999987122e-05
12,0.0007974000000103842,2.779999999802385e-05,2.960000000484797e-05,0.0001111999999920954,4.7499999993760866e-05
12,0.000963300000023537,2.1299999957591353e-05,2.9700000027332862e-05,0.00010330000003477835,4.769999998188723e-05
12,0.0011106000000040694,2.0000000006348273e-05,2.639999996745246e-05,0.0001047999999741478,0.0001490000000217151
13,0.0011041000000204804,1.5099999984613532e-05,1.850000001013541e-05,6.480000001829467e-05,5.42999999879612e-05
13,0.0009425000000078398,2.069999999321226e-05,2.7199999976801337e-05,0.00012259999999741922,0.0003009999999790125
13,0.001416000000006079,2.4899999971239595e-05,2.1299999957591353e-05,6.629999995766411e-05,9.149999999635838e-05
13,0.0011777000000279259,2.4600000017471757e-05,1.950000000761065e-05,6.59000000382548e-05,5.369999996673869e-05
13,0.0011910999999713567,2.0600000027570786e-05,3.060000000232321e-05,0.00011529999994763784,8.859999996957413e-05
14,0.0010101999999960753,2.1500000002561137e-05,2.86999999730142e-05,7.210000001123262e-05,7.059999995817634e-05
14,0.0009095999999999549,2.2300000011910015e-05,3.359999999474894e-05,0.00013319999999339416,0.0001080000000115433
14,0.001167800000018815,1.4700000008360803e-05,1.989999998386338e-05,7.099999999127249e-05,6.180000002586894e-05
14,0.0001950000000192631,1.3499999965915777e-05,1.889999998638814e-05,6.939999997257473e-05,5.8500000022831955e-05
14,0.00013890000002447778,1.3200000012147939e-05,3.039999995735343e-05,0.00011619999997947161,9.729999999308347e-05
15,0.0001457000000186781,1.3499999965915777e-05,1.9699999995737016e-05,7.61000000011336e-05,7.049999999253487e-05
15,0.00083319999998821,5.659999999352294e-05,3.1599999999798456e-05,7.850000002918023e-05,7.150000004685353e-05
15,0.0010757999999668755,1.5099999984613532e-05,2.080000001569715e-05,7.72999999867352e-05,8.270000000720756e-05
15,0.0009764000000132,2.2799999953804218e-05,4.8300000003109744e-05,0.00011519999998199637,0.00011269999998830826
15,0.0011273000000073807,2.1399999980076245e-05,2.0799999958853732e-05,0.00012419999995927355,0.00012959999997974592
16,0.0003002999999921485,2.1299999957591353e-05,3.359999999474894e-05,0.00016499999998131898,8.199999996350016e-05
16,0.0010254000000031738,1.579999997147752e-05,3.060000000232321e-05,8.540000004586545e-05,8.209999998598505e-05
16,0.0008553000000119937,2.3199999986900366e-05,3.4300000038456346e-05,0.00016890000000557848,0.00013860000001386652
16,0.0010513999999943735,2.469999998311323e-05,3.839999999399879e-05,8.520000000089567e-05,8.309999998346029e-05
16,0.0011104999999815846,1.5599999983351154e-05,3.170000002228335e-05,0.00013569999998708226,0.0001648999999588341
17,0.0012548999999921762,4.329999995889011e-05,4.010000003518144e-05,9.21000000175809e-05,9.019999998827188e-05
17,0.00026890000003731984,2.4599999960628338e-05,3.929999996898914e-05,0.00017289999999547945,0.00016990000000305372
17,0.0007572999999752028,1.6599999980826396e-05,5.829999997786217e-05,0.00017880000001468943,0.00016800000003058813
17,0.0007985000000303444,2.5400000026820635e-05,4.400000000259752e-05,0.00017669999999725405,0.0001829000000270753
17,0.0007165000000100008,2.729999999928623e-05,7.540000001426961e-05,0.00015229999996790866,0.0001778000000172142
18,0.0006548999999722582,2.7599999953054066e-05,5.0499999986186594e-05,0.0001245999999923697,0.00018189999997275663
18,0.00029989999995905237,2.4999999993724487e-05,3.409999999348656e-05,9.820000002491724e-05,9.950000003300374e-05
18,0.0006023000000254797,2.3099999964415474e-05,2.380000000812288e-05,0.00015500000000656655,0.00010109999999485808
18,0.00026229999997440245,2.3100000021258893e-05,2.3200000043743785e-05,0.0001973999999904663,0.00018590000001950102
18,0.00025279999999838765,2.3599999963153095e-05,4.050000001143417e-05,0.00016649999997753184,0.0001680999999962296
19,0.0010272999999756394,2.3699999985637987e-05,4.150000000890941e-05,0.0002178999999955522,0.00018190000002960005
19,0.0009564999999724932,2.5500000049305527e-05,4.060000003391906e-05,0.00019459999998616695,0.0001986999999985528
19,0.00026859999996986517,2.339999997502673e-05,3.720000000839718e-05,0.00017490000004727335,0.00011449999999513238
19,0.00030459999999266074,1.989999998386338e-05,2.3999999996249244e-05,0.00010429999997541017,0.00010979999996152401
19,0.00026230000003124587,2.5499999992462108e-05,3.620000001092194e-05,0.00016019999998206913,0.00018649999998388012
20,0.0011182000000076187,1.6500000015184924e-05,2.469999998311323e-05,0.0001316999999971813,0.0002134999999725551
20,0.0012922000000230582,2.5899999968714837e-05,4.200000000764703e-05,0.00017559999997729392,0.00012179999998807034
20,0.0011930000000006658,1.7600000035145058e-05,2.5600000014947e-05,0.00012140000001181761,0.00012360000005173788
20,0.0008758000000170796,1.6200000004573667e-05,2.3999999996249244e-05,0.00011580000000321888,0.00012560000004668836
20,0.0011402000000089174,1.679999996895276e-05,2.419999998437561e-05,0.00011029999996026163,0.00012090000001307999
21,0.00017040000000179134,1.6000000016447302e-05,2.4800000005598122e-05,0.00011879999999564461,0.00012879999997039704
21,0.0001654999999800566,1.539999999522479e-05,4.490000003443129e-05,0.0002334000000132619,0.00022599999999783904
21,0.0002939999999966858,2.6199999979326094e-05,3.889999999273641e-05,0.00020159999996849365,0.0001354999999989559
21,0.0009117999999830317,2.729999999928623e-05,4.580000000942164e-05,0.00022699999999531428,0.00027090000003227033
21,0.0010214000000132728,1.7099999979564018e-05,2.649999998993735e-05,0.00011940000001686712,0.00012999999995599865
22,0.0008978999999840198,1.680000002579618e-05,4.150000000890941e-05,0.00012570000001232984,0.00016540000001441513
22,0.0006495999999742708,2.689999996619008e-05,2.6700000034907134e-05,0.00012689999999793145,0.0001423999999587977
22,0.0005790000000160944,1.7099999979564018e-05,2.4999999993724487e-05,0.00012509999999110732,0.0002501000000165732
22,0.0007570999999870764,3.1499999977313564e-05,4.289999998263738e-05,0.00024070000000619984,0.00024809999996477927
22,0.0004354000000148517,2.6699999978063715e-05,4.709999996066472e-05,0.00012830000002850284,0.000140600000008817
23,0.00027269999998225103,1.6899999991437653e-05,2.6800000000548607e-05,0.0001343000000133543,0.00015250000001287844
23,0.0001842000000351618,1.630000002705856e-05,2.599999999119973e-05,0.00019610000003922323,0.00014870000001110384
23,0.0001897999999869171,1.5999999959603883e-05,2.7600000009897485e-05,0.00013179999996282277,0.00014590000000680448
23,0.00016769999996313345,1.7099999979564018e-05,2.5699999980588473e-05,0.00013119999999844367,0.00014729999998053245
23,0.0002953000000047723,2.4900000028083014e-05,3.9899999990211654e-05,0.00025290000002087254,0.0002511999999796899
24,0.0012007999999923413,2.9400000016721606e-05,4.939999996622646e-05,0.0001910999999950036,0.00016959999999244246
24,0.0010346999999910622,1.7800000023271423e-05,2.779999999802385e-05,0.0001431000000025051,0.0003092000000037842
24,0.0011679000000412998,6.250000001273293e-05,3.6000000022795575e-05,0.00020929999999452775,0.0002633999999943626
24,0.0010131000000228596,2.9700000027332862e-05,5.070000003115638e-05,0.0002794000000108099,0.00030239999995274047
24,0.0010779000000411543,2.779999999802385e-05,4.409999996823899e-05,0.00027510000001029766,0.00028340000000071086
25,0.001226099999996677,1.9200000053842814e-05,4.419999999072388e-05,0.00026800000000548607,0.00032679999998208586
25,0.001215099999967606,2.6200000036169513e-05,4.159999997455088e-05,0.00025850000002947127,0.00036330000000361906
25,0.005856400000027406,3.0700000024808105e-05,5.170000002863162e-05,0.00027249999999412466,0.00031100000001060835
25,0.0016638000000170905,2.740000002177112e-05,4.630000000815926e-05,0.0002657999999655658,0.0002805999999964115
25,0.0012375000000020009,3.1499999977313564e-05,4.930000000058499e-05,0.00027959999999893625,0.0003259000000070955
26,0.00047790000002123634,2.5899999968714837e-05,4.930000000058499e-05,0.00030259999999771026,0.0003408000000035827
26,0.006329800000003161,2.910000000611035e-05,5.4099999999834836e-05,0.00016270000003260066,0.00030529999997952473
26,0.0012323999999921398,2.7499999987412593e-05,5.69000000041342e-05,0.00027080000000978544,0.00034410000000661967
26,0.0011005000000068321,3.179999998792482e-05,5.4399999953602673e-05,0.0002554999999802021,0.00029299999999921056
26,0.0011574000000109663,2.0099999971989746e-05,2.8400000019246363e-05,0.00016130000000202926,0.00018430000000080327
27,0.001109899999960362,3.040000001419685e-05,3.040000001419685e-05,0.00017049999996743281,0.0002997000000277694
27,0.0012206000000105632,3.140000001167209e-05,5.520000001979497e-05,0.0002722000000403568,0.00031480000001238295
27,0.0009071000000062668,1.889999998638814e-05,4.410000002508241e-05,0.00028860000003305686,0.0003828999999768712
27,0.00397859999998218,3.050000003668174e-05,5.5000000031668606e-05,0.00026630000002114684,0.00040549999999939246
27,0.001065799999992123,3.090000001293447e-05,4.380000001447115e-05,0.0003284999999664251,0.00036599999998543353
28,0.0012831000000232962,3.2000000032894604e-05,4.5199999988199124e-05,0.00035380000002760426,0.00040039999998953135
28,0.00145410000004631,3.4700000014709076e-05,6.029999997281266e-05,0.0003131000000280437,0.0004352000000267253
28,0.0014294999999719948,3.4700000014709076e-05,5.419999996547631e-05,0.0004009000000451124,0.00043510000000424043
28,0.0015556000000174208,2.8899999961140566e-05,5.909999998721105e-05,0.0003707000000190419,0.0004466999999976906
28,0.0013506999999890468,3.6399999999048305e-05,6.12999999702879e-05,0.0004263000000150896,0.00043490000001611406
29,0.0014749000000051637,3.500000002532033e-05,6.010000004152971e-05,0.0003434000000197557,0.0004910999999765409
29,0.0013263000000165448,3.1100000001060835e-05,6.369999999833453e-05,0.0004046999999900436,0.0005166999999914879
29,0.0010650000000396176,3.350000002910747e-05,6.170000000338405e-05,0.00038720000003422683,0.0004356999999686195
29,0.0004450000000133514,3.4999999968476914e-05,6.489999998393614e-05,0.0004447000000027401,0.0005626999999890359
29,0.0009827000000086628,3.5100000047805224e-05,3.629999997656341e-05,0.00021960000003673485,0.00032759999999143474
30,0.0014836999999943146,3.659999998717467e-05,6.33000000220818e-05,0.00045349999999189095,0.0005226000000106978
30,0.0011905000000069776,3.7299999974038656e-05,6.750000000010914e-05,0.00032629999998334824,0.00046429999997599225
30,0.0010096999999973377,3.789999999526117e-05,7.399999998369822e-05,0.00043299999998680505,0.0002829999999676147
30,0.00023040000002083616,1.8699999998261774e-05,8.240000005343973e-05,0.00040749999999434294,0.0005104999999616666
30,0.0013159000000086962,3.540000000157306e-05,6.139999999277279e-05,0.00043610000000171567,0.00043890000000601503
31,0.0013999999999896318,3.789999999526117e-05,6.750000000010914e-05,0.0002415999999811902,0.00029130000001487133
31,0.0016850999999746819,3.449999996973929e-05,3.839999999399879e-05,0.00023740000000316286,0.00031199999995124017
31,0.0012021999999660693,2.7100000011159864e-05,6.350000001020817e-05,0.00025469999997085324,0.00044969999999011634
31,0.0008523999999852094,2.0399999982601003e-05,6.150000001525768e-05,0.00040039999998953135,0.0004947999999558306
31,0.0011560000000372384,3.939999999147403e-05,5.240000001549561e-05,0.00035689999998567146,0.0004664999999590691
32,0.00115130000000363,3.5999999965952156e-05,6.230000002460656e-05,0.00032569999996212573,0.00035090000000082
32,0.0016928999999663574,2.0999999946980097e-05,3.4300000038456346e-05,0.000241100000039296,0.0002645000000143227
32,0.001314200000024357,2.170000004753092e-05,5.649999997103805e-05,0.0002261999999859654,0.0005031000000030872
32,0.0009380000000192013,3.570000001218432e-05,3.46000000490676e-05,0.0003884999999854699,0.000494800000012674
32,0.0011915999999700944,3.150000003415698e-05,6.279999996650076e-05,0.00046059999999670254,0.0005568999999923108
33,0.0010624000000234446,3.1999999976051186e-05,4.3500000003859896e-05,0.00044319999994968384,0.000519199999985176
33,0.0012038000000416105,3.5900000000310683e-05,6.260000003521782e-05,0.00045149999999694046,0.0005148000000190223
33,0.0011968000000024404,2.960000000484797e-05,6.449999995083999e-05,0.00041899999996530823,0.00028459999998631247
33,0.0009411000000341119,3.559999998969943e-05,6.220000000212167e-05,0.0004601999999636064,0.0005293000000392567
33,0.001216400000032536,3.6000000022795575e-05,6.600000000389628e-05,0.0004314000000249507,0.0004923999999846274
34,0.0012735000000247965,2.2599999965677853e-05,7.099999999127249e-05,0.00042230000002518864,0.0005706000000031963
34,0.0005444999999895117,2.1899999978813867e-05,3.659999998717467e-05,0.00024460000003045934,0.00029299999999921056
34,0.0003803999999831831,2.1500000002561137e-05,3.559999998969943e-05,0.0003682999999909953,0.0002953999999704138
34,0.0002499999999940883,2.1400000036919664e-05,4.179999996267725e-05,0.00046059999999670254,0.0005622000000471417
34,0.0007510000000365835,2.1800000013172394e-05,3.629999997656341e-05,0.00046240000000352666,0.0005575999999791748
35,0.0002395999999862397,2.170000004753092e-05,3.7300000030882074e-05,0.000254399999960242,0.00031549999999924694
35,0.0008204999999747997,3.440000000409782e-05,5.040000002054512e-05,0.00041000000004487447,0.000691899999992529
35,0.001089600000000246,2.289999997628911e-05,3.8599999982125155e-05,0.0003202000000328553,0.0003113999999868611
35,0.0012811999999939871,3.710000004275571e-05,3.789999999526117e-05,0.00025790000000824875,0.0005850000000009459
35,0.0011234999999487627,3.750000001900844e-05,6.969999998318599e-05,0.0005184000000326705,0.0005990999999880842
36,0.0006452999999737585,2.2800000010647636e-05,3.69999999634274e-05,0.0005267999999887252,0.00033020000000760774
36,0.0002870000000143591,3.349999997226405e-05,7.020000003876703e-05,0.0005232999999975618,0.0006099999999946704
36,0.00039610000004586254,3.5099999990961805e-05,3.90000000152213e-05,0.0002837000000113221,0.00036899999997785926
36,0.00030400000002828165,4.46999999894615e-05,6.099999995967664e-05,0.00044009999999161664,0.0005610000000046966
36,0.00040230000001884036,2.4200000041219027e-05,3.8600000038968574e-05,0.0002814000000057604,0.00033399999995253893
37,0.00043369999997366904,3.700000002027082e-05,6.95999999607011e-05,0.0005299000000036358,0.0006188000000406646
37,0.0008146999999780746,2.5300000004335743e-05,4.250000000638465e-05,0.0003241000000002714,0.0006346000000121421
37,0.0010555000000067594,6.38999999864609e-05,7.890000000543296e-05,0.0006115000000477266,0.000682799999992767
37,0.0005082000000129483,3.9099999980862776e-05,6.729999995513936e-05,0.000605800000016643,0.0007724000000166598
37,0.0004660000000171749,2.7699999975538958e-05,4.4399999978850246e-05,0.0007088000000408101,0.0007653999999774896
38,0.000507399999946756,4.400000000259752e-05,4.540000003316891e-05,0.00037880000002132874,0.00040880000000242944
38,0.0007921000000123968,4.410000002508241e-05,8.450000001403168e-05,0.0005950000000325417,0.0007782000000133849
38,0.0008622999999943204,3.839999999399879e-05,7.950000002665547e-05,0.0005575999999791748,0.0006635000000301261
38,0.0008015999999884116,3.540000000157306e-05,6.260000003521782e-05,0.000508599999989201,0.0006656999999563595
38,0.0008467999999766107,2.289999997628911e-05,3.919999994650425e-05,0.000571699999966313,0.0005173999999783518
39,0.0010083999999892512,4.29000000394808e-05,6.289999998898566e-05,0.00035749999995005055,0.0003823000000124921
39,0.000758299999972678,4.369999999198626e-05,7.399999998369822e-05,0.0006078000000115935,0.0007878000000118845
39,0.0004121000000054664,4.0000000012696546e-05,7.920000001604421e-05,0.0005914000000188935,0.0007340999999883024
39,0.000604400000042915,4.200000000764703e-05,7.47999999930471e-05,0.000624299999969935,0.0003886000000079548
39,0.000793799999996736,3.95999999796004e-05,6.369999999833453e-05,0.0003983000000289394,0.0006847999999877175
40,0.0015149000000178603,3.229999998666244e-05,8.95000000014079e-05,0.0006572000000346634,0.0007158999999887783
40,0.0014540999999894666,2.8100000008635106e-05,7.769999996298793e-05,0.00032060000000910804,0.0006096000000184176
40,0.0011205000000131804,3.749999996216502e-05,8.960000002389279e-05,0.000684700000022076,0.0007521999999653417
40,0.001213800000016363,4.639999997380073e-05,8.780000001706867e-05,0.0007476999999767031,0.0009589000000005399
40,0.0007482999999979256,4.8600000013721e-05,6.669999999076026e-05,0.0007105999999907908,0.0009340999999949418
41,0.001575799999955052,2.9699999970489444e-05,8.539999998902204e-05,0.00048160000000052605,0.0006595000000402251
41,0.0016392999999652602,3.839999999399879e-05,5.649999997103805e-05,0.000630199999989145,0.0008697999999753847
41,0.0004347000000279877,3.2799999985400063e-05,6.860000002006927e-05,0.0003720000000271284,0.00047719999997752893
41,0.0011458999999831576,4.5999999997548e-05,8.430000002590532e-05,0.0007322999999814783,0.0007299000000102751
41,0.0014158999999835942,3.1100000001060835e-05,8.270000000720756e-05,0.00037620000000515574,0.0006000999999855594
42,0.0014709000000152628,2.9500000039206498e-05,5.040000002054512e-05,0.0005337000000054104,0.0008637000000248918
42,0.00119000000000824,5.1000000041767635e-05,9.060000002136803e-05,0.00034799999997403575,0.0004356999999686195
42,0.001417900000035388,2.7699999975538958e-05,4.250000000638465e-05,0.00034799999997403575,0.00044520000000147775
42,0.0010867999999959466,4.059999997707564e-05,7.879999998294807e-05,0.0004015000000094915,0.0008434000000079322
42,0.0013605999999981577,2.8999999983625457e-05,4.8699999979362474e-05,0.0004057999999531603,0.0009112999999842941
43,0.001291900000012447,2.9500000039206498e-05,4.900000004681715e-05,0.0004071000000180902,0.0005228999999644657
43,0.001353600000015831,4.009999997833802e-05,8.180000003221721e-05,0.0007979999999747633,0.0005357000000003609
43,0.001382500000033815,4.639999997380073e-05,9.510000001000662e-05,0.0008038999999939733,0.0009681999999884283
43,0.0014211999999815816,6.839999997509949e-05,8.430000002590532e-05,0.0005105999999841515,0.0005269999999768515
43,0.0012960000000248328,2.8899999961140566e-05,5.0100000009933865e-05,0.0004071999999837317,0.0005261000000018612
44,0.0011433999999894695,4.709999996066472e-05,5.0999999984924216e-05,0.0008127000000399676,0.0007123999999976149
44,0.0014256000000045788,4.210000003013192e-05,8.459999997967316e-05,0.0007380999999782034,0.0010679000000095584
44,0.0015872999999828608,3.209999999853608e-05,9.660000000621949e-05,0.0007989000000065971,0.001031799999964278
44,0.0013375000000337423,5.069999997431296e-05,6.930000000693326e-05,0.0008162000000311309,0.0009629000000472843
44,0.0015109000000279593,4.069999999956053e-05,9.280000000444488e-05,0.0013219999999591892,0.0010530000000130713
45,0.001866300000017418,4.419999999072388e-05,9.969999996428669e-05,0.0008409999999798856,0.0010570000000029722
45,0.000969900000029611,4.4800000011946395e-05,5.029999999806023e-05,0.0004404000000022279,0.001011399999981677
45,0.001435999999955584,4.799999999249849e-05,9.38999999675616e-05,0.0005297000000155094,0.001105300000006082
45,0.0013250999999740998,4.539999997632549e-05,9.4600000011269e-05,0.0005492999999887616,0.0010393000000021857
45,0.0012526000000434578,2.9700000027332862e-05,5.1799999994273094e-05,0.0008371000000124695,0.0010479000000032102
46,0.0016353999999978441,5.129999999553547e-05,0.0001002999999855092,0.000911400000006779,0.000652500000001055
46,0.001144000000010692,4.9599999954352825e-05,8.619999999837091e-05,0.0009614000000510714,0.001071700000011333
46,0.0016896000000201639,4.640000003064415e-05,7.959999999229694e-05,0.0008679000000029191,0.0009253000000057909
46,0.00031690000002981833,2.829999999676147e-05,5.090000001928274e-05,0.0004590000000348482,0.0005726000000549902
46,0.0003171000000179447,2.8900000017983984e-05,4.9599999954352825e-05,0.0004773999999656553,0.0010489999999663269
47,0.00033200000001443186,2.8400000019246363e-05,5.1400000018020364e-05,0.00047449999999571446,0.0005792999999698623
47,0.00033189999999194697,2.9500000039206498e-05,6.039999999529755e-05,0.0005194000000301457,0.0006275000000073305
47,0.00035639999998693384,2.8000000042993634e-05,5.050000004303001e-05,0.000472500000000764,0.0005271999999649779
47,0.00033829999995305116,2.8400000019246363e-05,6.329999996523838e-05,0.00047779999999875145,0.0006708999999887055
47,0.00033849999999802094,5.220000002736924e-05,5.130000005237889e-05,0.0004690999999752421,0.0005921999999713989
48,0.0003343999999856351,2.6200000036169513e-05,7.279999999809661e-05,0.0004934999999477441,0.0006289000000379019
48,0.0009801999999581312,5.149999998366184e-05,0.00010140000000546934,0.0009502999999995154,0.0006239999999593238
48,0.0010712999999782369,5.020000003241876e-05,9.139999997387349e-05,0.0008976999999958934,0.0009974000000170236
48,0.0007746999999653781,4.73000000056345e-05,7.1600000012495e-05,0.0009463999999752559,0.0010892999999896347
48,0.0009550000000331238,5.390000001170847e-05,7.569999996803745e-05,0.0006733999999823936,0.001323599999977887
49,0.0005917999999951462,4.759999995940234e-05,9.760000000369473e-05,0.000987699999996039,0.0012162999999532076
49,0.0012242000000242115,3.1999999976051186e-05,0.00010700000001406806,0.0010274999999637657,0.0010444999999776883
49,0.0019694000000072265,5.499999997482519e-05,0.00014659999999366846,0.0010095000000092114,0.0012586999999939508
49,0.0015549999999961983,5.340000001297085e-05,0.00010409999998728381,0.00095410000000129,0.001223600000002989
49,0.0019629000000236374,5.390000001170847e-05,9.499999998752173e-05,0.000776700000017172,0.0012507000000141488
50,0.0012356999999951768,6.319999999959691e-05,8.989999997766063e-05,0.0008061000000338936,0.001201299999991079
50,0.001063299999998435,4.539999997632549e-05,0.00010789999998905841,0.0008732000000009066,0.0012962000000129592
50,0.0012987000000066473,3.179999998792482e-05,0.00010889999998653366,0.0010722000000100707,0.0028002000000242333
50,0.0017229000000043015,5.0899999962439324e-05,0.00010090000000673172,0.00101510000001781,0.0013154999999756
50,0.0015309000000343076,4.99000000218075e-05,9.50999999531632e-05,0.001033699999993587,0.0012586999999939508
51,0.0011486000000218155,5.369999996673869e-05,0.00010620000000471919,0.0006069000000366032,0.0009546999999656691
51,0.001553999999998723,3.399999997100167e-05,0.0001085999999759224,0.001011399999981677,0.001000900000008187
51,0.0017784000000347078,6.300000001147055e-05,0.00010279999997919731,0.0005496999999650143,0.0008010000000240325
51,0.0016146000000389904,5.4899999952340295e-05,9.879999998929634e-05,0.0009137999999779822,0.001023900000006961
51,0.0014171999999916807,5.9399999997822306e-05,0.00011389999997390987,0.0009205000000065411,0.0006903999999963162
52,0.001360799999986284,3.370000001723383e-05,8.859999996957413e-05,0.0005603999999834741,0.0011917999999582207
52,0.0013777000000345652,5.609999999478532e-05,6.490000004077956e-05,0.0009204000000408996,0.001379200000030778
52,0.0013827000000219414,3.359999999474894e-05,8.989999997766063e-05,0.0008495000000152686,0.0013263000000165448
52,0.0016352000000097178,4.320000005009206e-05,6.130000002713132e-05,0.0005593000000203574,0.0008695999999872583
52,0.0016712999999981548,4.780000000437212e-05,0.00017139999999926658,0.0010345999999685773,0.0007198999999786793
53,0.0018373000000337925,5.390000001170847e-05,6.0300000029656076e-05,0.000593400000013844,0.001126399999975547
53,0.0016620999999759078,5.0600000008671486e-05,5.859999998847343e-05,0.0011025000000017826,0.0014908999999647676
53,0.0023979999999710344,5.829999997786217e-05,0.00011710000001130538,0.0006898999999975786,0.0007605999999782398
53,0.0015115000000491818,3.429999998161293e-05,0.00011239999997769701,0.0005898999999658372,0.0007357999999726417
53,0.0016610000000127911,5.790000000160944e-05,9.59000000193555e-05,0.001142799999968247,0.0012815000000045984
54,0.0015819999999848733,3.440000000409782e-05,0.0001163000000019565,0.000999500000034459,0.0014719999999783795
54,0.0014681000000109634,5.480000004354224e-05,6.0700000005908805e-05,0.0006999999999948159,0.0014142999999648964
54,0.0014282000000207518,6.799999999884676e-05,6.879999995135222e-05,0.0008915999999885571,0.0007696000000123604
54,0.0011636999999495856,5.609999999478532e-05,6.079999997155028e-05,0.000848300000029667,0.001455500000020038
54,0.0007552999999802523,4.710000001750814e-05,0.00010009999999738284,0.0006331000000159293,0.0009234000000333253
55,0.0014795000000162872,4.890000002433226e-05,0.00011459999996077386,0.0010350000000016735,0.0011850000000208638
55,0.001590899999996509,3.410000005032998e-05,0.00010880000002089218,0.0010677999999870735,0.0011442999999644599
55,0.001724200000012388,6.489999998393614e-05,0.00011339999997517225,0.0010613000000034845,0.001409400000000005
55,0.001377999999988333,3.270000001975859e-05,9.279999994760146e-05,0.0010341999999923246,0.001141500000017004
55,0.0017463000000361717,4.16000000313943e-05,9.90999999999076e-05,0.0011121000000002823,0.0009615000000167129
56,0.001741299999991952,6.789999997636187e-05,7.709999999860884e-05,0.0012416000000143868,0.0032394000000408596
56,0.0017272000000048138,5.330000004732938e-05,0.00011590000002570378,0.0012656999999762775,0.0015376999999716645
56,0.0018180000000143082,5.9299999975337414e-05,0.00010020000001986773,0.0009402000000022781,0.001430599999991955
56,0.0013750999999615487,3.5100000047805224e-05,0.0001085999999759224,0.0011333999999578737,0.0011005000000068321
56,0.0016906999999832806,5.650000002788147e-05,0.00011440000002949091,0.0006410000000300897,0.0017937000000074477
57,0.0017976000000317072,5.699999996977567e-05,0.00012710000004290123,0.003971300000046085,0.0016738000000486863
57,0.0018035999999597152,5.459999999857246e-05,0.00011680000000069413,0.001223499999980504,0.0016603000000259271
57,0.0014711999999690306,3.579999997782579e-05,0.00011649999999008287,0.0012150000000019645,0.001675199999965571
57,0.0013264000000390297,5.8099999989735807e-05,6.209999997963678e-05,0.0006561000000147033,0.0016686999999819818
57,0.0016095999999947708,5.960000004279209e-05,0.00012689999999793145,0.0006763999999748194,0.0012897999999950116
58,0.0015867000000184817,5.290000001423323e-05,6.409999997458726e-05,0.0006787000000372245,0.0008637000000248918
58,0.0007323000000383217,3.670000000965956e-05,6.270000000085929e-05,0.000823400000001584,0.0008940999999822452
58,0.0022581999999715663,6.159999998089916e-05,9.76999999693362e-05,0.0015697999999702006,0.0008836999999743966
58,0.0007039999999847169,6.009999998468629e-05,0.00010259999999107094,0.0011673000000200773,0.0016306999999642358
58,0.0017462000000136868,5.880000003344321e-05,0.00011289999997643463,0.0011100999999484884,0.0015061000000287095
59,0.0005444999999895117,5.3600000001097214e-05,0.00012099999997872146,0.0014105999999856067,0.0016908000000057655
59,0.0017199000000118758,6.239999999024803e-05,0.0001239999999711472,0.001262999999994463,0.0015329999999948996
59,0.00191410000002179,5.679999998164931e-05,6.539999998267376e-05,0.0012601000000245222,0.0014702999999940403
59,0.0017619999999851643,5.989999999655993e-05,0.0001245999999923697,0.0012908999999581283,0.001362999999969361
59,0.0018172000000049593,9.579999999687061e-05,0.00011910000000625587,0.0013005000000134714,0.0017089999999484462
60,0.0018903000000136672,6.299999995462713e-05,0.0001226999999630607,0.0015275000000087857,0.0016805000000204018
60,0.0019333000000187894,5.640000000539658e-05,0.00012739999999666907,0.001567899999997735,0.0018129999999700885
60,0.0015000000000213731,5.55999999960477e-05,0.0001207999999905951,0.0012515000000234977,0.0015710000000126456
60,0.0012716000000523309,6.260000003521782e-05,0.00012739999999666907,0.000763500000005024,0.0016687000000388252
60,0.0014537999999788553,5.420000002231973e-05,0.00010629999997036066,0.0011977999999999156,0.0009458999999765183
61,0.0020390999999904125,6.25999999783744e-05,0.00010220000001481822,0.0014414999999985412,0.0017310000000065884
61,0.0016022000000361913,5.4900000009183714e-05,6.759999996575061e-05,0.0012520000000222353,0.0016516000000024178
61,0.0016714000000206397,6.329999996523838e-05,0.00011399999999639476,0.0010464999999726388,0.0018271999999797117
61,0.001530999999999949,3.6799999975301034e-05,0.00012309999999615684,0.0013107999999988351,0.0013013000000228203
61,0.0014808000000243737,3.920000000334767e-05,6.629999995766411e-05,0.0013329999999882602,0.0019094999999538231
62,0.0018362999999794738,5.600000002914385e-05,0.000122800000042389,0.0014716000000021268,0.0019032000000152038
62,0.0013154000000099586,5.649999997103805e-05,0.00012680000003228997,0.0014755999999920277,0.0012665999999512678
62,0.0008468000000334541,6.50999999720625e-05,8.969999998953426e-05,0.0014039000000138913,0.0018294999999852735
62,0.0008305000000063956,4.9199999978100095e-05,0.00011540000002696615,0.0007730000000378823,0.0013861999999562613
62,0.0009596999999530453,3.5500000024057954e-05,6.459999997332488e-05,0.0007600999999795022,0.0018841000000406893
63,0.0012492999999835774,6.450000000768341e-05,6.600000000389628e-05,0.001279500000009648,0.0019088000000238026
63,0.00043679999998857966,6.380000002081943e-05,8.719999999584616e-05,0.0011373000000389766,0.0018798000000401771
63,0.0016821000000390995,4.940000002306988e-05,6.750000000010914e-05,0.0014756999999576692,0.001270299999987401
63,0.00180960000000141,6.279999996650076e-05,0.00013089999998783242,0.006756600000016988,0.0018238999999766747
63,0.0011625000000208274,5.6800000038492726e-05,8.9399999978923e-05,0.001521799999977702,0.0017782999999553795
64,0.0011030000000005202,3.630000003340683e-05,6.759999996575061e-05,0.0008154999999874235,0.0010854000000222186
64,0.0014418000000091524,5.860000004531685e-05,0.00011789999996381084,0.001468600000009701,0.0019781999999963773
64,0.001623800000004394,7.130000000188375e-05,0.00012300000003051537,0.0014144000000442247,0.0018929999999954816
64,0.0014724999999771171,5.400000003419336e-05,0.00012760000004163885,0.0010227999999870008,0.0019300000000157524
64,0.0019474000000059277,6.089999999403517e-05,6.920000004129179e-05,0.001400300000000243,0.0010689000000070337
65,0.001573100000030081,3.929999996898914e-05,0.0001354999999989559,0.0013980999999603227,0.0018466999999873224
65,0.001875999999981559,5.8899999999084685e-05,0.00048229999998739004,0.0014149000000429623,0.0021016000000031454
65,0.0018263000000047214,5.910000004405447e-05,9.310000001505614e-05,0.0014717999999902531,0.0018961000000103923
65,0.001429200000018227,6.65000000026339e-05,0.00010779999996657352,0.0015190000000302462,0.0032325000000241744
65,0.0023327000000108455,0.0002579999999738902,7.019999998192361e-05,0.0016186000000288914,0.0019138999999768203
66,0.001345099999980448,6.21000000364802e-05,0.0001373999999714215,0.001258300000017698,0.0021312000000079934
66,0.001839200000006258,6.82999999526146e-05,8.359999998219791e-05,0.001703100000042923,0.0010998999999856096
66,0.0013232999999672757,3.9899999990211654e-05,0.0001366999999845575,0.0012141000000269742,0.0020334999999818137
66,0.0014989999999670545,4.940000002306988e-05,6.999999999379725e-05,0.0011731999999824438,0.0018656999999961954
66,0.0009673999999790794,6.209999997963678e-05,7.770000001983135e-05,0.0008460999999897467,0.0013066000000208078
67,0.0016188999999826592,5.920000000969594e-05,7.200000004559115e-05,0.000958099999991191,0.0018914000000336273
67,0.0017968999999879998,6.510000002890592e-05,0.00011030000001710505,0.0016189999999483007,0.002285400000005211
67,0.0018394999999600259,6.589999998141138e-05,8.489999999028441e-05,0.001627799999994295,0.0020408999999972366
67,0.0017194999999787797,3.870000000461005e-05,7.21999999768741e-05,0.0017300999999747546,0.002147400000012567
67,0.0024779999999964275,6.559999997080013e-05,0.00013380000001461667,0.001302900000041518,0.0019302000000038788
68,0.0017338999999765292,6.700000000137152e-05,0.00012159999999994398,0.0014381000000298627,0.0019748999999933403
68,0.001666499999998905,5.5000000031668606e-05,0.00011299999999891952,0.001466699999980392,0.002631700000051751
68,0.0016452000000413136,6.739999997762425e-05,0.00014049999998633211,0.0016234999999937827,0.0021481999999650725
68,0.0017028999999979533,4.1699999997035775e-05,7.33999999624757e-05,0.001654099999996106,0.0014559000000531341
68,0.001446999999984655,5.9000000021569576e-05,0.0001290999999810083,0.0016415000000051805,0.0020546999999737636
69,0.0015726000000313434,5.780000003596797e-05,0.00012759999998479543,0.001645999999993819,0.0022680999999806772
69,0.0021954000000050655,6.849999999758438e-05,0.0001475999999911437,0.0015840000000366672,0.002211600000009639
69,0.0015204999999696156,6.550000000515865e-05,0.00012099999997872146,0.0016964000000143642,0.0025547000000187836
69,0.0007916000000136592,6.989999997131235e-05,0.00011460000001761728,0.001537600000006023,0.002510599999993701
69,0.0019565999999713313,5.300000003671812e-05,0.0001341999999908694,0.0017308999999841035,0.0028439000000162196
70,0.0019285000000195396,7.759999999734646e-05,0.0002474000000347587,0.00186490000004369,0.002233700000033423
70,0.0018249000000309934,6.719999998949788e-05,0.0004288000000087777,0.0015668000000346183,0.002161199999989094
70,0.0011607000000140033,6.3799999963976e-05,0.00013510000002270317,0.0016009999999937463,0.0025767000000200824
70,0.0017508999999904518,6.109999998216153e-05,0.00011319999998704589,0.0038836999999602995,0.0023706000000061067
70,0.0019331999999963045,7.010000001628214e-05,0.0001297000000022308,0.0016817000000060034,0.0021967999999787935
71,0.0019331999999963045,3.980000002457018e-05,7.590000001300723e-05,0.0018013999999766384,0.004451599999981681
71,0.0019396000000142521,6.759999996575061e-05,0.00013139999998657004,0.0017187999999919157,0.002314300000023195
71,0.0019593999999756306,7.010000001628214e-05,0.0001310000000103173,0.0019446000000016284,0.0023949999999786087
71,0.0020056000000181484,6.429999996271363e-05,0.00012689999999793145,0.0017406999999707296,0.0023098000000345564
71,0.0019773999999870284,6.539999998267376e-05,0.00013310000002775269,0.0009719999999902029,0.001873499999987871
72,0.002801400000009835,6.840000003194291e-05,0.00014279999999189386,0.0019606000000180757,0.0015727999999626263
72,0.0018213000000173452,6.350000001020817e-05,0.00013649999999643114,0.002196800000035637,0.0023234999999885986
72,0.0018107999999870117,7.34999999849606e-05,0.00012170000002242887,0.0019138999999768203,0.0029549000000201886
72,0.001567899999997735,6.279999996650076e-05,0.00012889999999288193,0.001795299999969302,0.0024475999999822307
72,0.001818399999990561,6.469999999580978e-05,0.0001303999999890948,0.001121000000011918,0.0022142999999914537
73,0.0010459999999739011,6.830000000945802e-05,0.00013719999998329513,0.0010843999999679,0.0021944999999732318
73,0.0015731999999957225,6.700000000137152e-05,7.670000002235611e-05,0.0010113000000160355,0.0013676000000373278
73,0.0028413000000000466,0.00014140000001816588,0.00028170000001637163,0.0020597000000179833,0.00163359999999102
73,0.0015166000000021995,6.740000003446767e-05,0.00011669999997820923,0.001806999999985237,0.0021752999999762324
73,0.0024171000000023923,5.840000000034706e-05,0.00012620000001106746,0.0017585999999596424,0.0019002999999884196
74,0.0018445000000042455,6.799999999884676e-05,0.00025660000000016225,0.001837100000045666,0.0015003999999976259
74,0.0024831000000062886,6.359999997584964e-05,8.459999997967316e-05,0.0018145999999887863,0.0013855999999918822
74,0.001849699999979748,8.63000000208558e-05,0.00012809999998353305,0.0018414999999549764,0.001695400000016889
74,0.0011880000000132895,4.230000001825829e-05,7.600000003549212e-05,0.0010710999999901105,0.001512100000013561
74,0.001763700000026347,5.860000004531685e-05,0.00011660000001256776,0.0016995999999949163,0.003607899999963138
75,0.0024988000000121247,6.6399999980149e-05,0.0001424999999812826,0.0018081999999708387,0.0025565000000256077
75,0.001794599999982438,7.119999997939885e-05,7.809999999608408e-05,0.0022665999999844644,0.005041800000014973
75,0.0013647000000105436,7.319999997434934e-05,0.00015129999997043342,0.0018450000000029831,0.002709199999969769
75,0.0020396000000459935,6.090000005087859e-05,0.00012259999999741922,0.0016042000000311418,0.0023826999999982945
75,0.0020991000000094573,7.180000000062137e-05,0.00014929999997548293,0.0019083999999907064,0.00255469999996194
76,0.002625800000032541,6.760000002259403e-05,0.00013109999997595878,0.0019302999999695203,0.002894400000002406
76,0.001577299999951265,7.239999996500046e-05,0.00014459999999871798,0.0021409999999946194,0.0028806999999915206
76,0.0021101000000385284,6.0700000005908805e-05,0.0001495999999860942,0.0013093000000026223,0.0026166999999759355
76,0.002113000000008469,7.510000000365835e-05,0.00014970000000857908,0.0012666000000081112,0.0024883000000386346
76,0.0013591000000019449,9.699999998247222e-05,0.00012430000003860187,0.0014415999999641826,0.0019020999999952437
77,0.0015290000000049986,6.630000001450753e-05,0.00012509999999110732,0.0021037999999862222,0.0023389000000406668
77,0.0030519999999683023,8.739999998397252e-05,0.00012460000004921312,0.0019286000000420245,0.002376599999990958
77,0.000906199999974433,4.2600000028869545e-05,7.779999998547282e-05,0.001731500000005326,0.002858899999978348
77,0.0009003999999777079,7.809999999608408e-05,0.0001436999999668842,0.0012490000000298096,0.0025223000000096363
77,0.0009496999999782929,6.78000000107204e-05,0.0001469999999699212,0.0011231999999949949,0.0014831000000299355
78,0.0018120999999950982,6.239999999024803e-05,8.260000004156609e-05,0.002206099999966682,0.003003599999999551
78,0.001760300000000825,6.919999998444837e-05,8.200000002034358e-05,0.0015319000000317828,0.0026176999999734107
78,0.0014070000000288019,6.789999997636187e-05,0.00014029999999820575,0.00197969999999259,0.0029035999999678097
78,0.0014519999999720312,6.630000001450753e-05,9.949999997616032e-05,0.0011693999999806692,0.002438299999994342
78,0.001797899999985475,6.280000002334418e-05,0.00012679999997544655,0.0019606000000180757,0.0023694999999861466
79,0.00238939999997001,7.110000001375738e-05,0.0001879000000144515,0.0020327999999949498,0.002704999999991742
79,0.002321499999993648,7.590000001300723e-05,0.0001571999999896434,0.0022756999999842265,0.0030635999999617525
79,0.0022202000000106636,9.840000001304361e-05,0.00014019999997572086,0.002075900000022557,0.002811899999983325
79,0.0015276000000312706,7.47999999930471e-05,0.00013920000003508903,0.002112699999997858,0.003092400000014095
79,0.0025729999999839492,6.050000001778244e-05,0.00013890000002447778,0.0021469000000138294,0.0030105000000162363
80,0.0022649999999657666,6.940000002941815e-05,0.00014079999999694337,0.0023315999999908854,0.001789499999972577
80,0.001981999999998152,4.319999999324864e-05,0.00020209999996723127,0.001344399999993584,0.0016363999999953194
80,0.0016400000000089676,7.169999997813647e-05,0.00014010000001007938,0.002019300000029034,0.0034468000000060783
80,0.002493300000026011,4.369999999198626e-05,8.260000004156609e-05,0.0021173000000089814,0.0029379999999719075
80,0.002343800000005558,4.460000002382003e-05,9.039999997639825e-05,0.0012542999999709536,0.0030288000000382453
81,0.0020214000000464694,4.400000000259752e-05,8.270000000720756e-05,0.0023121999999489162,0.0016486999999756335
81,0.0020135999999979504,6.719999998949788e-05,8.509999997841078e-05,0.001224700000022949,0.0018949000000247906
81,0.0017594000000258347,5.090000001928274e-05,8.139999999912106e-05,0.0012997000000041226,0.0017234000000030392
81,0.002153899999996156,6.739999997762425e-05,8.400000001529406e-05,0.0013283999999771368,0.0016494999999849824
81,0.002184799999952247,7.940000000417058e-05,0.00013819999998077037,0.0021153999999796724,0.0030145000000061373
82,0.002128500000026179,4.5999999997548e-05,0.0001502000000073167,0.00213930000001028,0.002939500000024964
82,0.0018526999999721738,7.249999998748535e-05,0.0001700000000255386,0.002141499999993357,0.0027882999999633284
82,0.00157369999999446,7.34999999849606e-05,0.00014290000001437875,0.0015891999999553263,0.00371079999996482
82,0.0015045999999756532,6.969999998318599e-05,8.479999996779952e-05,0.00213930000001028,0.002503699999977016
82,0.0019984999999564934,7.779999998547282e-05,0.00017489999999042993,0.0025854000000435917,0.0028601000000207932
83,0.0014238999999633961,6.51999999945474e-05,0.00015519999999469292,0.0013013999999884618,0.001996899999994639
83,0.0011710999999650085,6.679999995640173e-05,0.0001522000000022672,0.0013599000000112937,0.0017429000000106498
83,0.002109399999994821,7.520000002614324e-05,0.00018289999997023187,0.0020084999999880893,0.0031748999999763328
83,0.0021044000000074448,5.200000003924288e-05,8.609999997588602e-05,0.0023823999999876833,0.003322999999966214
83,0.002144699999973909,5.7600000047841604e-05,0.00014769999995678518,0.002207400000031612,0.002773199999978715
84,0.001636200000007193,7.180000000062137e-05,0.00016599999997879422,0.0024002000000109547,0.003481599999986429
84,0.001760300000000825,6.999999999379725e-05,0.00013880000000199288,0.0017746999999985746,0.0029262000000471744
84,0.0018491999999810105,6.78000000107204e-05,0.00013880000000199288,0.0023416999999881227,0.002040399999998499
84,0.0020647000000053595,8.109999998850981e-05,0.0001546999999959553,0.0020296000000143977,0.0033250999999836495
84,0.002013400000009824,8.109999998850981e-05,0.00016640000001189037,0.0026862000000278385,0.002585199999998622
85,0.002072199999986424,7.910000005040274e-05,0.00016730000004372414,0.0025904999999966094,0.003516199999978653
85,0.0017567999999528183,7.470000002740562e-05,0.00014870000001110384,0.0013703000000191423,0.0033161000000063723
85,0.0012431000000105996,7.140000002436864e-05,0.00015080000002853922,0.00246569999995927,0.002615499999990334
85,0.001753299999961655,7.909999999355932e-05,8.759999997209889e-05,0.0016265000000430518,0.002844699999968725
85,0.0021390999999653104,9.310000001505614e-05,0.00016590000001315275,0.0017689000000018495,0.00315330000000813
86,0.0019116999999937434,7.060000001501976e-05,0.00014039999996384722,0.0021095999999829473,0.0019235999999978048
86,0.0014717999999902531,4.580000000942164e-05,8.68999999852349e-05,0.002426299999967796,0.003125199999999495
86,0.0015254999999569918,7.529999999178472e-05,8.81999999933214e-05,0.002221200000008139,0.003503500000022086
86,0.002063500000019758,6.939999997257473e-05,0.00013089999998783242,0.0014590000000112013,0.002603799999974399
86,0.0013862000000131047,7.279999999809661e-05,8.790000003955356e-05,0.002795200000036857,0.0019833000000062384
87,0.002269000000012511,0.0001745000000141772,0.00015369999999848005,0.002651200000002518,0.003444699999988643
87,0.0021919999999795436,4.819999998062485e-05,0.0001060999999822343,0.002462300000047435,0.003895699999986846
87,0.002274900000031721,7.499999998117346e-05,0.00016720000002123925,0.0032396999999946274,0.005530599999985952
87,0.004366799999957038,8.55999999771484e-05,0.0001553000000171778,0.0023714000000154556,0.0038130000000364817
87,0.0011336000000028434,7.320000003119276e-05,0.00014630000003990062,0.002470200000004752,0.0033986000000254535
88,0.0018110000000319815,8.029999997916093e-05,0.0001297000000022308,0.0027809999999703905,0.002958500000033837
88,0.003680599999995593,7.640000001174485e-05,0.00014979999997422055,0.002043599999979051,0.004085000000031869
88,0.0024129999999900065,6.489999998393614e-05,0.0001309999999534739,0.0025339000000030865,0.0030741999999577274
88,0.0020068999999693915,8.270000000720756e-05,0.00014610000005177426,0.0016759000000092783,0.0029214999999567226
88,0.0019942000000128246,7.08999999687876e-05,0.00015229999996790866,0.0014436000000159765,0.0032929999999851134
89,0.0013548000000014326,7.99000000029082e-05,0.00017420000000356595,0.002563000000009197,0.0032790999999861015
89,0.00454640000003792,8.390000004965259e-05,0.00018259999995962062,0.002707100000009177,0.003829899999971076
89,0.0028072999999722015,7.759999999734646e-05,0.00016979999998056883,0.0027117000000203006,0.0036092000000280677
89,0.0020871000000397544,7.049999999253487e-05,0.00014880000003358873,0.002297399999974914,0.003777100000036171
89,0.002258299999994051,7.72999999867352e-05,0.00016949999996995757,0.0016178000000195425,0.002964899999994941
90,0.001922100000001592,8.930000001328153e-05,0.0001758000000222637,0.0028858000000013817,0.004093699999998535
90,0.0017075000000090768,6.909999996196348e-05,0.00013979999999946813,0.0015958999999838852,0.004033899999967616
90,0.0022759000000291962,8.229999997411142e-05,0.00016180000000076689,0.0028257000000166954,0.0031101000000148815
90,0.0024439999999685824,7.840000000669534e-05,0.00015489999998408166,0.0026464000000032684,0.0028312000000028092
90,0.002424799999971583,4.7499999993760866e-05,0.00015970000004017493,0.002753600000005463,0.0024381999999718573
91,0.001900499999976546,7.769999996298793e-05,0.0001821999999833679,0.0028728000000342035,0.0038602999999852727
91,0.00198909999994612,8.450000001403168e-05,0.00014240000001564113,0.0018972999999959939,0.0020674999999528154
91,0.002012299999989864,7.240000002184388e-05,0.00014389999995501057,0.0015702999999689382,0.0020558999999593652
91,0.0024592999999981657,7.709999999860884e-05,0.00015899999999646752,0.001976099999978942,0.0039058999999497246
91,0.0021012000000268927,8.090000000038344e-05,0.00018879999998944186,0.0018209000000410924,0.0029585999999994783
92,0.0024746999999933905,4.979999999932261e-05,9.380000000192013e-05,0.0015379999999822758,0.003093200000023444
92,0.0018468999999754487,7.490000001553199e-05,9.479999999939537e-05,0.001643500000000131,0.0035750999999777378
92,0.00136489999999867,9.08000000094944e-05,0.0001500999999848318,0.0025180999999747655,0.002511299999980565
92,0.0018560000000320542,8.450000001403168e-05,0.0001591999999845939,0.0025694000000271444,0.0018823999999995067
92,0.0012188000000037391,4.289999998263738e-05,8.200000002034358e-05,0.002672299999971983,0.003725200000019413
93,0.0014079000000037922,4.280000001699591e-05,0.00011960000000499349,0.0014068000000406755,0.0022347999999965396
93,0.0020552000000293447,7.169999997813647e-05,0.00018180000000711516,0.0015799999999899228,0.002098799999998846
93,0.0011178999999970074,4.369999999198626e-05,8.279999997284904e-05,0.0026248000000350658,0.002517199999999775
93,0.001845900000034817,7.840000000669534e-05,0.0001426000000037675,0.0025479999999902248,0.0035001999999622058
93,0.0017553000000134489,7.709999999860884e-05,0.00016010000001642766,0.002804499999967902,0.002004999999996926
94,0.00138720000001058,7.210000001123262e-05,0.0001591999999845939,0.0026335000000017317,0.0037482999999838285
94,0.0013337000000319676,6.550000000515865e-05,0.0001776999999947293,0.0029721000000222375,0.004139899999984209
94,0.0022946999999930995,6.660000002511879e-05,0.00022769999998217827,0.0027135000000271248,0.0036152999999785607
94,0.001922699999965971,9.869999996681145e-05,0.00016140000002451416,0.003124900000045727,0.004532799999992676
94,0.0020051999999850523,9.399999999004649e-05,0.0001462999999830572,0.002920700000004217,0.003990799999996852
95,0.0045229999999492065,9.239999997134873e-05,0.0001270999999860578,0.0030848000000105458,0.0028724000000011074
95,0.001645300000006955,6.880000000819564e-05,0.00016920000001618973,0.002878000000009706,0.0025039999999876272
95,0.0014481999999702566,8.109999998850981e-05,9.679999999434585e-05,0.002609899999981735,0.0036096000000043205
95,0.0015010999999844898,4.409999996823899e-05,0.00010630000002720408,0.0014482999999927415,0.0020064999999931388
95,0.001472599999999602,4.400000000259752e-05,0.0001699999999686952,0.0025127000000111366,0.004227499999956308
96,0.0017950999999811756,9.120000004259055e-05,0.00017300000001796434,0.002670599999987644,0.0026994000000399865
96,0.0020251999999914005,5.0600000008671486e-05,9.579999999687061e-05,0.002786999999955242,0.004266400000005888
96,0.002563199999997323,5.000000004429239e-05,9.889999995493781e-05,0.0016595000000165783,0.0026501999999481995
96,0.002196000000026288,8.850000000393266e-05,0.000166200000023764,0.0030396000000223466,0.0036585000000286527
96,0.0030101000000399836,0.00015289999998913117,0.00016379999999571737,0.0030485000000339824,0.003080300000021907
97,0.0010949999999638749,5.03999999637017e-05,0.0001750999999785563,0.0031533999999737716,0.004040399999951205
97,0.003402800000003481,0.00010169999995923718,0.00015380000002096494,0.0035737000000040098,0.0034871999999950276
97,0.0017171000000075765,5.020000003241876e-05,0.00020880000005263355,0.0028621000000157437,0.005666899999994257
97,0.001823500000000422,9.21000000175809e-05,0.00018270000003894893,0.003607899999963138,0.004502899999977217
97,0.002142400000025191,5.390000001170847e-05,9.830000004740214e-05,0.0017778000000134853,0.003698200000030738
98,0.0015018000000281972,5.209999994804093e-05,9.90999999999076e-05,0.0029223999999885564,0.003278899999997975
98,0.0022256999999967775,7.520000002614324e-05,0.00018879999998944186,0.0036982999999963795,0.004616499999997359
98,0.0036020999999664127,7.33999999624757e-05,9.849999997868508e-05,0.0029468999999835432,0.003869999999949414
98,0.0018908000000124048,0.00010099999997237319,0.00017250000001922672,0.0017101999999908912,0.0043950999999538
98,0.0021306999999524123,7.700000003296736e-05,0.00016040000002703891,0.002813000000003285,0.004644200000029741
99,0.0016042000000311418,7.659999999987122e-05,9.940000001051885e-05,0.0026925000000233013,0.0030357999999637286
99,0.0013961999999878572,8.740000004081594e-05,0.0001571999999896434,0.003711199999997916,0.002568100000019058
99,0.0012272000000166372,9.34000000256674e-05,0.00017880000001468943,0.002980600000000777,0.0025684999999953106
99,0.0010843000000022585,8.739999998397252e-05,0.00018840000001318913,0.002075800000000072,0.004808500000024196
99,0.001462699999990491,8.850000000393266e-05,0.00017619999999851643,0.0033195999999975356,0.004543399999988651
